City_ID,City,Country,Date,Lat,Lng,Max Temp,Humidity,Cloudiness,Wind Speed
0,Namibe,AO,2021-04-27 23:21:17,-15.1961,12.1522,75.34,68,14,7.94
1,Rikitea,PF,2021-04-27 23:16:42,-23.1203,-134.9692,77.13,73,29,11.23
2,San Patricio,US,2021-04-27 23:21:18,28.017,-97.5169,78.8,83,90,19.57
3,Saint-Philippe,RE,2021-04-27 23:21:18,-21.3585,55.7679,75.2,83,0,8.05
4,Bukama,CD,2021-04-27 23:21:18,-9.2,25.85,69.17,94,52,2.82
5,Busselton,AU,2021-04-27 23:21:19,-33.65,115.3333,54.0,98,33,3.94
6,Osorno,CL,2021-04-27 23:21:19,-40.5667,-73.15,60.8,84,90,12.66
7,Malsch,DE,2021-04-27 23:21:19,48.8833,8.3333,50.0,57,10,6.91
8,Nicoya,CR,2021-04-27 23:21:19,10.1483,-85.452,87.8,45,40,14.97
9,Bud,US,2021-04-27 23:21:20,39.447,-86.1758,78.8,31,1,11.5
10,Mogadishu,SO,2021-04-27 23:21:20,2.0371,45.3438,82.42,76,46,10.36
11,Kaitangata,NZ,2021-04-27 23:21:20,-46.2817,169.8464,48.4,58,86,10.04
12,Odienne,CI,2021-04-27 23:21:20,9.51,-7.5692,75.99,79,100,7.65
13,Janikowo,PL,2021-04-27 23:21:21,52.7533,18.1133,37.0,69,0,1.14
14,Avarua,CK,2021-04-27 23:21:21,-21.2078,-159.775,82.4,74,83,11.5
15,Hay River,CA,2021-04-27 23:20:47,60.8156,-115.7999,15.8,48,83,10.36
16,Albany,US,2021-04-27 23:17:10,42.6001,-73.9662,66.0,36,96,0.18
17,Tlanalapan,MX,2021-04-27 23:21:22,19.25,-97.2667,59.59,66,66,7.72
18,Yantongshan,CN,2021-04-27 23:21:22,43.2919,126.0094,49.87,51,33,12.08
19,Qaanaaq,GL,2021-04-27 23:21:22,77.484,-69.3632,38.25,95,100,3.24
20,Puerto Del Rosario,ES,2021-04-27 23:21:22,28.5004,-13.8627,68.0,68,0,8.05
21,Hermanus,ZA,2021-04-27 23:21:23,-34.4187,19.2345,57.99,92,100,6.02
22,Cape Town,ZA,2021-04-27 23:21:23,-33.9258,18.4232,59.0,88,0,2.3
23,Vostok,RU,2021-04-27 23:21:23,46.4856,135.8833,42.71,65,100,4.43
24,Bengbu,CN,2021-04-27 23:21:24,32.9408,117.3608,58.96,72,77,5.91
25,Bethel,US,2021-04-27 23:20:36,41.3712,-73.414,64.4,25,1,8.05
26,Dudinka,RU,2021-04-27 23:21:24,69.4058,86.1778,32.29,98,100,14.09
27,Malaga,ES,2021-04-27 23:19:44,36.7202,-4.4203,62.01,100,0,2.3
28,Saskylakh,RU,2021-04-27 23:21:25,71.9167,114.0833,27.39,90,98,10.38
29,Ushuaia,AR,2021-04-27 23:19:58,-54.8,-68.3,42.8,93,75,5.75
30,Carnarvon,AU,2021-04-27 23:16:28,-24.8667,113.6333,60.8,72,0,9.22
31,Sitka,US,2021-04-27 23:21:25,57.0531,-135.33,48.2,66,90,13.8
32,Mwinilunga,ZM,2021-04-27 23:16:28,-11.7358,24.4293,60.04,93,36,2.46
33,Varberg,SE,2021-04-27 23:21:25,57.1056,12.2508,37.99,77,34,3.0
34,Ostrovnoy,RU,2021-04-27 23:21:26,68.0531,39.5131,23.27,85,100,7.49
35,Port Elizabeth,ZA,2021-04-27 23:21:26,-33.918,25.5701,59.0,88,75,4.61
36,Jacqueville,CI,2021-04-27 23:21:26,5.2052,-4.4146,75.2,100,20,4.61
37,Punta Arenas,CL,2021-04-27 23:21:27,-53.15,-70.9167,44.6,93,90,13.8
38,Inta,RU,2021-04-27 23:21:27,66.0317,60.1659,28.02,96,100,6.13
39,Bambous Virieux,MU,2021-04-27 23:21:27,-20.3428,57.7575,77.0,94,75,10.36
40,Hobart,AU,2021-04-27 23:16:29,-42.8794,147.3294,55.0,76,75,9.22
41,Kodiak,US,2021-04-27 23:16:48,57.79,-152.4072,44.6,81,90,25.32
42,Tecoanapa,MX,2021-04-27 23:21:28,16.5167,-98.75,85.96,57,1,10.45
43,Komsomolskiy,UZ,2021-04-27 23:21:28,40.4272,71.7189,66.2,63,0,2.3
44,Bengkulu,ID,2021-04-27 23:21:28,-3.8004,102.2655,75.16,88,53,3.69
45,Judaberg,NO,2021-04-27 23:21:29,59.1659,5.8732,41.0,75,0,3.44
46,Soure,BR,2021-04-27 23:21:29,-0.7167,-48.5233,78.91,83,98,8.93
47,Lebu,CL,2021-04-27 23:21:29,-37.6167,-73.65,56.5,96,75,1.9
48,Puerto Escondido,MX,2021-04-27 23:21:30,15.85,-97.0667,86.0,70,1,8.05
49,Marabba,SD,2021-04-27 23:21:30,12.35,32.1833,91.08,30,66,6.2
50,Nouadhibou,MR,2021-04-27 23:21:30,20.931,-17.0347,66.2,88,0,11.5
51,Soyo,AO,2021-04-27 23:21:31,-6.1349,12.3689,78.4,83,98,0.38
52,Lagoa,PT,2021-04-27 23:21:31,39.05,-27.9833,59.68,81,100,13.53
53,Eyl,SO,2021-04-27 23:17:19,7.9803,49.8164,83.17,72,7,5.97
54,Kapaa,US,2021-04-27 23:21:31,22.0752,-159.319,79.0,83,90,9.22
55,Acajutla,SV,2021-04-27 23:21:32,13.5928,-89.8275,75.99,92,99,5.01
56,Bac Lieu,VN,2021-04-27 23:21:32,9.285,105.7244,81.68,75,100,5.3
57,Butaritari,KI,2021-04-27 23:21:32,3.0707,172.7902,82.69,76,62,10.85
58,Lyngdal,NO,2021-04-27 23:21:33,58.1376,7.07,41.0,64,78,4.0
59,Aripuana,BR,2021-04-27 23:18:11,-9.1667,-60.6333,73.15,98,78,2.46
60,Mar Del Plata,AR,2021-04-27 23:21:24,-38.0023,-57.5575,64.0,87,0,3.44
61,Mataura,NZ,2021-04-27 23:21:33,-46.1927,168.8643,52.0,82,99,4.0
62,Oranjemund,NA,2021-04-27 23:21:33,-28.55,16.4333,58.5,94,91,7.31
63,Saint George,US,2021-04-27 23:21:34,37.1041,-113.5841,64.99,39,90,3.44
64,Torbay,CA,2021-04-27 23:21:34,47.6666,-52.7314,45.0,93,90,6.91
65,Jamestown,US,2021-04-27 23:18:20,42.097,-79.2353,73.4,46,1,10.36
66,Waren,DE,2021-04-27 23:21:35,53.5167,12.6833,35.01,73,14,7.38
67,Yellowknife,CA,2021-04-27 23:17:19,62.456,-114.3525,19.4,42,75,16.11
68,Atuona,PF,2021-04-27 23:21:35,-9.8,-139.0333,79.77,73,82,13.6
69,Winsum,NL,2021-04-27 23:21:35,53.33,6.5208,42.01,81,10,4.61
70,Belyy Yar,RU,2021-04-27 23:21:36,53.6039,91.3903,42.8,93,40,6.71
71,Geraldton,AU,2021-04-27 23:21:36,-28.7667,114.6,55.4,82,14,6.91
72,Haines Junction,CA,2021-04-27 23:21:36,60.7522,-137.5108,39.2,22,100,4.61
73,Alugan,PH,2021-04-27 23:21:37,12.2188,125.4808,79.47,73,99,7.05
74,Los Llanos De Aridane,ES,2021-04-27 23:21:37,28.6585,-17.9182,66.2,63,0,5.75
75,Laguna,US,2021-04-27 23:21:37,38.421,-121.4238,80.01,15,1,12.66
76,Thompson,CA,2021-04-27 23:21:34,55.7435,-97.8558,24.8,46,75,17.27
77,Ambovombe,MG,2021-04-27 23:21:38,-25.1667,46.0833,70.21,84,21,4.12
78,Ponta Do Sol,PT,2021-04-27 23:21:38,32.6667,-17.1,59.0,79,100,3.0
79,Bredasdorp,ZA,2021-04-27 23:21:38,-34.5322,20.0403,50.0,93,99,1.14
80,General Roca,AR,2021-04-27 23:21:39,-39.0333,-67.5833,62.6,77,0,3.83
81,Chokurdakh,RU,2021-04-27 23:17:09,70.6333,147.9167,27.1,88,100,2.55
82,Fortuna,US,2021-04-27 23:17:32,40.5982,-124.1573,64.99,72,20,10.36
83,Kruisfontein,ZA,2021-04-27 23:21:39,-34.0033,24.7314,55.99,88,65,1.01
84,Kudahuvadhoo,MV,2021-04-27 23:17:34,2.6708,72.8944,81.91,75,82,5.37
85,Kemijarvi,FI,2021-04-27 23:21:39,66.7131,27.4306,19.56,95,70,4.61
86,Ballina,AU,2021-04-27 23:21:40,-28.8667,153.5667,66.2,82,75,10.36
87,Saravan,AM,2021-04-27 23:21:40,39.7196,45.6483,57.2,77,90,11.5
88,Abeche,TD,2021-04-27 23:21:41,13.8292,20.8324,82.87,10,0,8.81
89,Clyde River,CA,2021-04-27 23:21:41,70.4692,-68.5914,21.2,79,40,9.22
90,Port Lincoln,AU,2021-04-27 23:21:41,-34.7333,135.8667,63.63,58,87,2.91
91,Mahebourg,MU,2021-04-27 23:21:41,-20.4081,57.7,77.0,94,75,10.36
92,Inza,RU,2021-04-27 23:21:42,53.8533,46.3586,34.95,91,61,10.76
93,Faanui,PF,2021-04-27 23:21:42,-16.4833,-151.75,81.68,71,22,9.95
94,Severo-Kurilsk,RU,2021-04-27 23:21:42,50.6789,156.125,33.82,96,100,18.01
95,Fort Nelson,CA,2021-04-27 23:21:43,58.8053,-122.7002,17.6,62,90,3.36
96,Vestmannaeyjar,IS,2021-04-27 23:21:43,63.4427,-20.2734,44.28,78,38,20.2
97,Sur,OM,2021-04-27 23:21:44,22.5667,59.5289,85.12,39,74,10.85
98,Bousso,TD,2021-04-27 23:21:44,10.4795,16.7117,86.81,17,11,4.81
99,Pevek,RU,2021-04-27 23:21:44,69.7008,170.3133,17.91,92,97,8.55
100,Obo,CF,2021-04-27 23:21:44,5.3998,26.4869,71.62,60,25,3.51
101,Tambovka,RU,2021-04-27 23:21:45,50.0969,128.0489,44.6,61,40,4.47
102,Tiksi,RU,2021-04-27 23:21:45,71.6872,128.8694,8.47,88,57,7.54
103,Magdagachi,RU,2021-04-27 23:21:45,53.45,125.8,44.62,47,33,5.39
104,Hilo,US,2021-04-27 23:18:58,19.7297,-155.09,84.2,51,1,10.36
105,Dikson,RU,2021-04-27 23:21:46,73.5069,80.5464,31.89,97,100,16.24
106,Najibabad,IN,2021-04-27 23:21:46,29.6333,78.3333,79.34,21,0,4.52
107,Poum,NC,2021-04-27 23:21:46,-20.2333,164.0167,75.54,55,0,18.39
108,Ribeira Grande,PT,2021-04-27 23:21:47,38.5167,-28.7,60.76,81,97,12.68
109,Buin,CL,2021-04-27 23:21:47,-33.7333,-70.75,68.0,67,0,11.5
110,Dilla,ET,2021-04-27 23:21:47,6.41,38.31,59.52,90,21,4.56
111,Sistranda,NO,2021-04-27 23:21:48,63.7256,8.834,35.6,80,40,5.75
112,Matsuura,JP,2021-04-27 23:21:48,33.3271,129.721,60.8,94,75,4.61
113,Iqaluit,CA,2021-04-27 23:21:48,63.7506,-68.5145,23.0,74,20,6.91
114,Thai Binh,VN,2021-04-27 23:21:49,20.45,106.3333,75.2,88,75,2.3
115,New Norfolk,AU,2021-04-27 23:21:49,-42.7826,147.0587,52.0,86,92,1.99
116,Sept-Iles,CA,2021-04-27 23:21:49,50.2001,-66.3821,46.4,71,75,8.05
117,Fort Myers Beach,US,2021-04-27 23:21:49,26.452,-81.9481,84.2,48,1,10.36
118,Parry Sound,CA,2021-04-27 23:21:49,45.3501,-80.033,53.6,58,100,4.41
119,Dingle,PH,2021-04-27 23:21:50,10.9995,122.6711,78.39,80,98,6.76
120,Peterhead,GB,2021-04-27 23:21:50,57.5058,-1.7981,43.0,93,90,8.05
121,Garden City,US,2021-04-27 23:21:50,42.3256,-83.331,86.0,34,40,18.41
122,Vernon,CA,2021-04-27 23:21:51,50.2581,-119.2691,62.01,31,100,4.61
123,Beringovskiy,RU,2021-04-27 23:20:26,63.05,179.3167,32.41,98,100,4.27
124,Krasnoselkup,RU,2021-04-27 23:21:51,65.7,82.4667,31.53,98,100,8.99
125,Bathsheba,BB,2021-04-27 23:21:51,13.2167,-59.5167,78.8,65,40,11.5
126,Pangnirtung,CA,2021-04-27 23:21:52,66.1451,-65.7125,19.4,86,20,8.05
127,Lavrentiya,RU,2021-04-27 23:21:52,65.5833,-171.0,31.46,89,100,4.9
128,Sola,VU,2021-04-27 23:21:52,-13.8833,167.55,80.33,67,52,9.48
129,Zhangye,CN,2021-04-27 23:21:53,38.9342,100.4517,43.48,32,11,3.87
130,Kaeo,NZ,2021-04-27 23:21:53,-35.1,173.7833,66.0,66,19,5.99
131,Husavik,IS,2021-04-27 23:21:53,66.0449,-17.3389,39.2,75,0,3.44
132,Darhan,MN,2021-04-27 23:21:54,49.4867,105.9228,36.07,69,74,4.5
133,Ratnagiri,IN,2021-04-27 23:21:54,16.9833,73.3,79.77,79,2,4.03
134,Talara,PE,2021-04-27 23:21:24,-4.5772,-81.2719,69.6,83,83,15.35
135,Freeport,US,2021-04-27 23:19:39,40.6576,-73.5832,57.99,50,1,8.05
136,Hithadhoo,MV,2021-04-27 23:21:54,-0.6,73.0833,82.17,65,98,1.72
137,Mumford,GH,2021-04-27 23:21:55,5.2618,-0.759,82.49,83,91,12.57
138,Quatre Cocos,MU,2021-04-27 23:21:55,-20.2078,57.7625,77.0,94,75,10.36
139,Fairbanks,US,2021-04-27 23:18:14,64.8378,-147.7164,48.99,18,1,12.66
140,Te Anau,NZ,2021-04-27 23:21:55,-45.4167,167.7167,43.56,75,96,1.21
141,Sobrance,SK,2021-04-27 23:21:56,48.7445,22.1814,34.0,50,78,1.01
142,Chor,PK,2021-04-27 23:21:56,25.5167,69.7667,81.5,50,0,9.28
143,Saldanha,ZA,2021-04-27 23:21:56,-33.0117,17.9442,57.2,88,97,2.3
144,Hasaki,JP,2021-04-27 23:21:57,35.7333,140.8333,66.2,63,75,10.36
145,Nikolskoye,RU,2021-04-27 23:21:57,59.7035,30.7861,35.01,80,20,2.24
146,College,US,2021-04-27 23:21:32,64.8569,-147.8028,46.99,21,75,8.05
147,Kavieng,PG,2021-04-27 23:21:57,-2.5744,150.7967,83.68,71,42,6.96
148,Moerai,PF,2021-04-27 23:21:57,-22.4333,-151.3333,78.31,70,72,8.1
149,Salym,RU,2021-04-27 23:21:58,60.0625,71.4789,33.62,86,97,3.87
150,Nemuro,JP,2021-04-27 23:21:58,43.3236,145.575,41.34,72,64,3.49
151,Ilulissat,GL,2021-04-27 23:21:58,69.2167,-51.1,35.6,69,75,2.68
152,Victoria,HK,2021-04-27 23:20:22,22.2855,114.1577,75.0,89,98,9.69
153,Rawson,AR,2021-04-27 23:21:59,-43.3002,-65.1023,67.39,35,94,8.95
154,Hami,CN,2021-04-27 23:21:59,42.8,93.45,53.46,19,24,8.01
155,East London,ZA,2021-04-27 23:21:59,-33.0153,27.9116,65.71,70,92,11.5
156,Alofi,NU,2021-04-27 23:22:00,-19.0595,-169.9187,82.09,79,98,23.89
157,Castro,BR,2021-04-27 23:22:00,-24.7911,-50.0119,57.29,69,0,0.63
158,Ambulu,ID,2021-04-27 23:22:00,-8.345,113.6058,75.24,80,65,4.25
159,Olafsvik,IS,2021-04-27 23:22:00,64.8945,-23.7142,44.11,78,99,3.91
160,Vaini,TO,2021-04-27 23:22:01,-21.2,-175.2,75.2,83,75,17.27
161,Ulladulla,AU,2021-04-27 23:22:01,-35.35,150.4667,62.01,93,99,3.24
162,Yulara,AU,2021-04-27 23:22:01,-25.2406,130.9889,59.0,47,0,8.05
163,Norman Wells,CA,2021-04-27 23:22:02,65.282,-126.8329,26.6,26,75,13.8
164,Hovd,MN,2021-04-27 23:22:02,48.0056,91.6419,42.91,37,100,6.4
165,Airai,TL,2021-04-27 23:22:02,-8.9266,125.4092,62.29,59,10,0.96
166,Kota,IN,2021-04-27 23:22:03,25.1833,75.8333,85.26,10,2,5.73
167,Pitimbu,BR,2021-04-27 23:22:03,-7.4706,-34.8086,78.8,89,40,6.91
168,Arraial Do Cabo,BR,2021-04-27 23:22:03,-22.9661,-42.0278,69.8,94,75,4.61
169,Doha,QA,2021-04-27 23:22:03,25.2867,51.5333,84.2,51,0,4.61
170,Sinnamary,GF,2021-04-27 23:22:04,5.3833,-52.95,75.06,88,100,5.08
171,Cidreira,BR,2021-04-27 23:22:04,-30.1811,-50.2056,60.8,71,0,9.06
172,Yerofey Pavlovich,RU,2021-04-27 23:22:04,53.9667,121.9667,27.63,85,100,6.93
173,North Platte,US,2021-04-27 23:22:05,41.1239,-100.7654,64.4,55,90,18.41
174,Khandyga,RU,2021-04-27 23:22:05,62.6667,135.6,32.27,99,100,2.55
175,Pavlodar,KZ,2021-04-27 23:22:05,52.3,76.95,60.8,36,40,11.18
176,Jurm,AF,2021-04-27 23:22:05,36.8648,70.8342,55.27,43,0,5.55
177,Georgetown,MY,2021-04-27 23:22:06,5.4112,100.3354,80.01,89,40,3.44
178,Chapais,CA,2021-04-27 23:22:06,49.7834,-74.8492,51.8,46,90,2.3
179,Cherskiy,RU,2021-04-27 23:22:06,68.75,161.3,24.93,83,43,11.54
180,Epinal,FR,2021-04-27 23:22:07,48.1833,6.45,46.4,46,0,1.14
181,Marawi,PH,2021-04-27 23:22:07,7.9986,124.2928,77.0,83,36,5.99
182,Maragogi,BR,2021-04-27 23:22:07,-9.0122,-35.2225,77.65,86,19,6.78
183,Bagdarin,RU,2021-04-27 23:22:08,54.4333,113.6,20.77,53,100,8.57
184,San Carlos De Bariloche,AR,2021-04-27 23:22:08,-41.1456,-71.3082,55.4,67,75,20.71
185,De-Kastri,RU,2021-04-27 23:22:08,51.4667,140.7833,39.29,82,98,10.69
186,Shimoda,JP,2021-04-27 23:22:08,34.6667,138.95,64.4,72,75,14.97
187,Luderitz,NA,2021-04-27 23:22:09,-26.6481,15.1594,59.32,83,17,5.97
188,Mehamn,NO,2021-04-27 23:21:19,71.0357,27.8492,27.55,80,100,14.94
189,Buala,SB,2021-04-27 23:22:09,-8.145,159.5921,79.92,83,99,3.47
190,Port Alfred,ZA,2021-04-27 23:22:09,-33.5906,26.891,65.68,80,73,10.89
191,San Vicente De Canete,PE,2021-04-27 23:22:10,-13.0751,-76.3835,67.53,85,99,5.44
192,Hambantota,LK,2021-04-27 23:22:10,6.1241,81.1185,79.7,84,89,9.44
193,Hamilton,US,2021-04-27 23:21:51,39.1834,-84.5333,78.01,58,1,13.8
194,Tasiilaq,GL,2021-04-27 23:22:11,65.6145,-37.6368,37.4,70,75,9.22
195,Longyearbyen,SJ,2021-04-27 23:22:11,78.2186,15.6401,15.8,86,90,2.3
196,Killybegs,IE,2021-04-27 23:22:11,54.6333,-8.45,46.0,85,36,3.0
197,Celestun,MX,2021-04-27 23:22:11,20.8667,-90.4,87.35,58,3,16.87
198,Pisco,PE,2021-04-27 23:22:12,-13.7,-76.2167,66.2,88,0,19.57
199,Marzuq,YE,2021-04-27 23:20:50,14.4,46.4667,70.99,71,93,0.98
200,Chuy,UY,2021-04-27 23:17:36,-33.6971,-53.4616,54.95,77,0,6.85
201,Paamiut,GL,2021-04-27 23:22:12,61.994,-49.6678,36.05,84,1,12.08
202,Watsa,CD,2021-04-27 23:22:13,3.0372,29.5355,63.63,90,41,2.84
203,Mount Gambier,AU,2021-04-27 23:22:13,-37.8333,140.7667,51.8,100,90,6.91
204,Camana,PE,2021-04-27 23:22:13,-16.6228,-72.7111,68.04,83,90,8.21
205,Kyren,RU,2021-04-27 23:22:13,51.6828,102.1408,33.48,74,62,0.89
206,Cabo San Lucas,MX,2021-04-27 23:20:40,22.8909,-109.9124,75.99,53,1,19.57
207,Vardo,NO,2021-04-27 23:22:14,70.3705,31.1107,28.4,86,75,10.36
208,Muyezerskiy,RU,2021-04-27 23:22:14,63.9333,31.65,28.42,78,98,2.82
209,Barrow,US,2021-04-27 23:22:14,71.2906,-156.7887,19.4,86,90,8.05
210,Dubrovnik,HR,2021-04-27 23:17:57,42.6481,18.0922,60.8,63,0,14.97
211,San Cristobal,VE,2021-04-27 23:20:38,7.7669,-72.225,80.6,78,40,2.3
212,Sao Joao Dos Patos,BR,2021-04-27 23:22:15,-6.495,-43.7022,74.98,78,48,4.83
213,San Luis,AR,2021-04-27 23:22:15,-33.295,-66.3356,60.73,57,0,5.57
214,Mitchell,US,2021-04-27 23:22:15,43.7094,-98.0298,62.6,51,1,13.8
215,Esperance,AU,2021-04-27 23:17:48,-33.8667,121.9,53.6,100,40,4.61
216,Toboy,PH,2021-04-27 23:22:16,16.0271,120.6369,78.39,73,74,4.65
217,Eureka,US,2021-04-27 23:20:33,40.8021,-124.1637,64.0,67,1,12.66
218,Batemans Bay,AU,2021-04-27 23:22:16,-35.7167,150.1833,64.99,56,100,2.39
219,Champerico,GT,2021-04-27 23:22:17,14.3,-91.9167,78.8,89,75,4.61
220,Kuminskiy,RU,2021-04-27 23:22:17,58.6667,66.5667,38.59,74,100,3.27
221,Cayenne,GF,2021-04-27 23:22:17,4.9333,-52.3333,75.99,94,0,4.56
222,Biak,ID,2021-04-27 23:22:17,-0.9131,122.8766,78.26,80,13,3.44
223,Hellin,ES,2021-04-27 23:22:18,38.5106,-1.701,53.01,93,20,3.44
224,Georgiyevka,KZ,2021-04-27 23:22:18,43.0369,74.7114,50.0,81,9,4.47
225,Rehoboth,NA,2021-04-27 23:22:18,-23.3167,17.0833,64.72,42,9,3.69
226,Port Hueneme,US,2021-04-27 23:22:19,34.1478,-119.1951,69.8,59,20,16.11
227,Chipinge,ZW,2021-04-27 23:22:19,-20.1883,32.6236,60.3,80,2,4.21
228,San Andres,CO,2021-04-27 23:22:19,12.5847,-81.7006,80.6,78,40,12.66
229,Grand Gaube,MU,2021-04-27 23:22:19,-20.0064,57.6608,77.0,86,100,7.0
230,Taitung,TW,2021-04-27 23:22:20,22.7583,121.1444,71.6,88,75,3.44
231,Tuatapere,NZ,2021-04-27 23:22:20,-46.1333,167.6833,52.0,82,97,4.0
232,Yerbogachen,RU,2021-04-27 23:22:20,61.2767,108.0108,22.71,75,32,1.86
233,Souillac,MU,2021-04-27 23:22:21,-20.5167,57.5167,77.0,94,75,10.36
234,Sao Miguel Do Araguaia,BR,2021-04-27 23:22:21,-13.275,-50.1628,78.19,65,31,2.21
235,Sibolga,ID,2021-04-27 23:22:21,1.7427,98.7792,75.87,89,100,2.44
236,Tuktoyaktuk,CA,2021-04-27 23:22:22,69.4541,-133.0374,19.4,58,20,10.36
237,Jijiga,ET,2021-04-27 23:22:22,9.35,42.8,65.91,71,92,6.67
238,Wajima,JP,2021-04-27 23:22:22,37.4,136.9,59.0,67,75,5.75
239,Phulabani,IN,2021-04-27 23:22:23,20.4667,84.2333,75.54,46,0,2.59
240,Constitucion,CL,2021-04-27 23:22:23,-35.3333,-72.4167,57.56,76,49,10.4
241,Chernyshevskiy,RU,2021-04-27 23:22:23,63.0128,112.4714,17.91,83,56,1.12
242,Isangel,VU,2021-04-27 23:22:23,-19.55,169.2667,78.8,69,75,9.22
243,Balkanabat,TM,2021-04-27 23:22:24,39.5108,54.3671,61.74,76,57,6.31
244,Mosquera,CO,2021-04-27 23:22:24,4.7059,-74.2302,57.2,88,75,5.75
245,Diego De Almagro,CL,2021-04-27 23:22:24,-26.3667,-70.05,62.47,51,0,4.83
246,Dengzhou,CN,2021-04-27 23:22:25,37.8086,120.7508,53.17,62,72,7.05
247,Katsuura,JP,2021-04-27 23:22:25,35.1333,140.3,66.0,77,40,4.61
248,Chhagalnaiya,BD,2021-04-27 23:22:25,23.03,91.5069,76.3,95,18,5.48
249,Northam,GB,2021-04-27 23:22:26,51.0333,-4.2167,46.99,85,100,5.01
250,Kaduqli,SD,2021-04-27 23:22:26,11.0167,29.7167,88.81,30,89,3.02
251,Alekseyevsk,RU,2021-04-27 23:22:26,57.8406,108.3492,22.42,80,22,4.68
252,Laizhou,CN,2021-04-27 23:22:26,37.1717,119.9214,55.87,54,64,5.93
253,Puerto Ayora,EC,2021-04-27 23:22:27,-0.7393,-90.3518,82.4,78,20,13.8
254,Praya,CV,2021-04-27 23:22:27,14.9215,-23.5087,71.6,73,20,17.27
255,Dalbandin,PK,2021-04-27 23:22:27,28.8947,64.4101,79.3,19,87,3.0
256,Palestina,PS,2021-04-27 23:22:28,31.9216,35.2033,60.8,82,20,3.44
257,Burns Lake,CA,2021-04-27 23:22:28,54.2331,-125.7533,41.0,87,100,8.05
258,Rio Grande,BR,2021-04-27 23:22:28,-32.035,-52.0986,50.0,90,49,9.13
259,Avera,US,2021-04-27 23:22:29,33.194,-82.5271,80.6,47,1,4.61
260,Mahanoro,MG,2021-04-27 23:22:29,-19.9,48.8,71.8,92,89,5.95
261,Bodden Town,KY,2021-04-27 23:22:29,19.2833,-81.25,84.2,70,20,10.36
262,Shenjiamen,CN,2021-04-27 23:22:29,29.9576,122.298,60.64,95,100,6.53
263,Saint-Pierre,RE,2021-04-27 23:19:40,-21.3393,55.4781,75.2,83,0,8.05
264,Shingu,JP,2021-04-27 23:22:30,33.7333,135.9833,64.4,77,75,11.5
265,Roma,US,2021-04-27 23:22:30,43.2128,-75.4557,64.4,32,1,4.59
266,Abu Samrah,SY,2021-04-27 23:22:30,35.3029,37.1841,57.61,77,0,8.28
267,Okhotsk,RU,2021-04-27 23:22:31,59.3833,143.3,28.72,83,91,0.36
268,Salalah,OM,2021-04-27 23:22:31,17.0151,54.0924,82.4,74,0,3.44
269,Ossora,RU,2021-04-27 23:22:31,59.2353,163.0719,30.54,65,100,5.66
270,Turayf,SA,2021-04-27 23:22:31,31.6725,38.6637,62.6,51,0,8.05
271,Phalodi,IN,2021-04-27 23:22:32,27.1333,72.3667,82.72,25,0,10.76
272,Bluff,NZ,2021-04-27 23:22:32,-46.6,168.3333,52.0,82,100,4.0
273,Wanning,CN,2021-04-27 23:22:32,18.8003,110.3967,75.52,90,49,3.02
274,Taoudenni,ML,2021-04-27 23:22:33,22.6783,-3.9836,93.76,13,43,10.54
275,Sechura,PE,2021-04-27 23:22:33,-5.5569,-80.8222,74.77,65,67,18.43
276,Qasigiannguit,GL,2021-04-27 23:22:33,68.8193,-51.1922,35.6,69,75,6.71
277,Nizwa,OM,2021-04-27 23:22:34,22.9333,57.5333,81.43,23,86,1.41
278,Store Heddinge,DK,2021-04-27 23:22:34,55.3097,12.3889,42.01,86,59,1.14
279,Kamaishi,JP,2021-04-27 23:22:34,39.2667,141.8833,46.4,66,75,1.14
280,Tpig,RU,2021-04-27 23:22:34,41.7801,47.589,46.99,87,100,7.29
281,Khatanga,RU,2021-04-27 23:22:35,71.9667,102.5,23.86,81,100,8.01
282,Nanortalik,GL,2021-04-27 23:22:35,60.1432,-45.2371,33.42,91,6,8.08
283,Whitley Bay,GB,2021-04-27 23:22:35,55.0397,-1.4471,43.0,93,90,9.22
284,Nerang,AU,2021-04-27 23:22:36,-27.9833,153.3333,73.99,74,27,1.99
285,Ambilobe,MG,2021-04-27 23:22:36,-13.2,49.05,71.64,94,26,3.29
286,Porto Walter,BR,2021-04-27 23:22:36,-8.2686,-72.7439,73.24,85,100,2.44
287,Capao Da Canoa,BR,2021-04-27 23:22:37,-29.7456,-50.0097,61.2,62,0,9.48
288,Provideniya,RU,2021-04-27 23:22:37,64.3833,-173.3,33.8,86,90,6.85
289,Tete,MZ,2021-04-27 23:22:37,-16.1564,33.5867,75.0,78,20,3.06
290,Chum Phae,TH,2021-04-27 23:22:37,16.5443,102.0992,74.17,88,100,3.13
291,Morehead,US,2021-04-27 23:22:38,37.2711,-87.1764,78.8,41,1,11.5
292,Mercedes,AR,2021-04-27 23:22:38,-34.6515,-59.4307,61.0,70,1,1.99
293,Gondanglegi,ID,2021-04-27 23:22:38,-7.7479,112.0132,75.7,85,22,9.75
294,Grindavik,IS,2021-04-27 23:22:39,63.8424,-22.4338,42.8,100,90,2.3
295,Mabaruma,GY,2021-04-27 23:22:39,8.2,-59.7833,75.54,82,85,4.56
296,Boca Do Acre,BR,2021-04-27 23:22:39,-8.7522,-67.3978,75.34,85,91,2.51
297,Hofn,IS,2021-04-27 23:22:39,64.2539,-15.2082,42.6,64,5,9.37
298,Harper,LR,2021-04-27 23:20:38,4.375,-7.7169,80.56,83,68,6.69
299,Aksu,CN,2021-04-27 23:22:40,41.1231,80.2644,59.72,23,1,4.16
300,Baracoa,CU,2021-04-27 23:22:40,20.3467,-74.4958,77.74,77,20,8.46
301,Port-Gentil,GA,2021-04-27 23:22:24,-0.7193,8.7815,80.6,89,40,3.44
302,Evensk,RU,2021-04-27 23:22:41,61.95,159.2333,23.2,75,13,4.52
303,Qaqortoq,GL,2021-04-27 23:22:41,60.7167,-46.0333,35.62,82,1,6.67
304,High Prairie,CA,2021-04-27 23:20:07,55.4334,-116.4858,24.8,74,100,9.22
305,Qatana,SY,2021-04-27 23:22:41,33.4354,36.0815,57.0,76,0,9.22
306,Agadir,MA,2021-04-27 23:22:42,30.4202,-9.5982,62.6,94,0,10.36
307,Bachaquero,VE,2021-04-27 23:22:42,9.9694,-71.1494,81.03,78,100,5.12
308,High Level,CA,2021-04-27 23:22:42,58.5169,-117.136,21.2,42,20,3.44
309,Corn Island,NI,2021-04-27 23:22:42,12.1694,-83.0418,80.33,72,100,10.38
310,San Policarpo,PH,2021-04-27 23:22:43,12.1791,125.5072,79.7,72,99,7.27
311,San Lorenzo,PY,2021-04-27 23:18:51,-25.3333,-57.5333,64.0,77,0,6.91
312,Klaksvik,FO,2021-04-27 23:22:43,62.2266,-6.589,39.2,87,75,8.05
313,Faya,SA,2021-04-27 23:20:25,18.3851,42.4509,57.2,82,0,3.04
314,Fukue,JP,2021-04-27 23:22:44,32.6881,128.8419,62.6,100,75,4.61
315,Arica,CL,2021-04-27 23:22:44,-18.475,-70.3042,66.2,77,0,2.3
316,Kenai,US,2021-04-27 23:22:44,60.5544,-151.2583,59.0,30,1,14.97
317,Hudson Bay,CA,2021-04-27 23:22:44,52.85,-102.3842,36.39,65,100,8.66
318,Alice Springs,AU,2021-04-27 23:22:45,-23.7,133.8833,57.2,47,0,1.14
319,Tempio Pausania,IT,2021-04-27 23:17:58,40.8974,9.1035,60.8,82,40,9.22
320,Ukiah,US,2021-04-27 23:22:45,39.1502,-123.2078,75.2,25,1,10.36
321,Ust-Nera,RU,2021-04-27 23:22:45,64.5667,143.2,27.93,90,100,3.56
322,Melo,UY,2021-04-27 23:22:46,-32.3667,-54.1833,53.91,77,0,4.52
323,Christchurch,NZ,2021-04-27 23:19:15,-43.5333,172.6333,55.99,62,8,4.61
324,Cap Malheureux,MU,2021-04-27 23:22:46,-19.9842,57.6142,77.0,86,100,7.0
325,Weligama,LK,2021-04-27 23:22:46,5.9667,80.4167,78.91,85,82,4.43
326,Chicholi,IN,2021-04-27 23:22:47,21.4667,79.6833,80.6,14,6,3.31
327,Margate,GB,2021-04-27 23:22:47,51.3813,1.3862,46.99,84,7,1.99
328,Richards Bay,ZA,2021-04-27 23:21:00,-28.783,32.0377,72.84,85,67,12.03
329,Port Moresby,PG,2021-04-27 23:21:19,-9.4431,147.1797,80.6,83,40,5.75
330,Tuy Hoa,VN,2021-04-27 23:22:47,13.0833,109.3,77.38,87,100,1.23
331,Basco,PH,2021-04-27 23:22:48,20.4487,121.9702,75.72,72,88,13.38
332,Matara,LK,2021-04-27 23:22:48,5.9485,80.5353,78.35,87,80,4.85
333,Sinjai,ID,2021-04-27 23:22:49,-5.1241,120.253,76.69,88,56,2.98
334,Zhigansk,RU,2021-04-27 23:22:49,66.7697,123.3711,11.55,87,18,5.37
335,Sijunjung,ID,2021-04-27 23:22:49,-0.6876,100.9537,70.45,98,99,1.28
336,Okmulgee,US,2021-04-27 23:22:49,35.6234,-95.9605,71.6,83,90,14.97
337,Florencia,IT,2021-04-27 23:22:50,43.7667,11.25,55.4,94,75,3.44
338,Ponta Delgada,PT,2021-04-27 23:22:50,37.7333,-25.6667,59.0,82,75,11.5
339,Sisimiut,GL,2021-04-27 23:22:50,66.9395,-53.6735,32.99,89,64,5.99
340,Praia Da Vitoria,PT,2021-04-27 23:22:51,38.7333,-27.0667,59.0,88,75,11.36
341,Srednekolymsk,RU,2021-04-27 23:22:51,67.45,153.6833,28.31,77,55,5.14
342,Vaasa,FI,2021-04-27 23:22:51,63.096,21.6158,34.0,100,54,1.14
343,Quang Ngai,VN,2021-04-27 23:22:24,15.1167,108.8,75.42,91,86,3.24
344,Omsukchan,RU,2021-04-27 23:22:52,62.5333,155.8,23.05,75,6,4.23
345,Biloela,AU,2021-04-27 23:22:52,-24.4167,150.5,70.75,56,0,13.38
346,Hirara,JP,2021-04-27 23:22:52,24.8,125.2833,75.2,73,75,11.5
347,Touros,BR,2021-04-27 23:22:53,-5.1989,-35.4608,78.8,83,20,6.91
348,Mineiros,BR,2021-04-27 23:22:53,-17.5694,-52.5511,69.94,63,6,3.89
349,Santa Marta De Tormes,ES,2021-04-27 23:22:53,40.9506,-5.6272,50.0,93,0,2.44
350,Flin Flon,CA,2021-04-27 23:22:53,54.7682,-101.865,28.4,31,90,11.5
351,Huainan,CN,2021-04-27 23:22:54,32.6264,116.9969,59.79,68,67,5.99
352,Port Blair,IN,2021-04-27 23:22:54,11.6667,92.75,80.83,71,86,4.21
353,Bara,NG,2021-04-27 23:22:54,10.3744,10.7288,85.62,34,13,3.11
354,Mago,RU,2021-04-27 23:22:55,53.2514,140.1822,38.26,78,92,5.79
355,Batagay,RU,2021-04-27 23:22:55,67.6333,134.6333,18.5,87,100,7.16
356,Talaya,RU,2021-04-27 23:22:55,61.3833,152.75,19.27,73,21,1.59
357,Nuuk,GL,2021-04-27 23:19:25,64.1835,-51.7216,35.6,87,19,11.5
358,Kondapalle,IN,2021-04-27 23:22:56,16.6167,80.5333,81.01,75,3,6.02
359,Hobyo,SO,2021-04-27 23:22:56,5.3505,48.5268,83.46,73,4,10.96
360,Kuandian,CN,2021-04-27 23:22:57,40.7286,124.7847,48.02,81,85,4.94
361,Ayan,RU,2021-04-27 23:22:57,56.45,138.1667,29.82,94,100,16.51
362,Filingue,NE,2021-04-27 23:20:35,14.3521,3.3168,92.64,10,0,8.05
363,Tommot,RU,2021-04-27 23:22:57,58.9564,126.2925,21.63,89,100,6.29
364,Gat,IL,2021-04-27 23:22:58,31.61,34.7642,59.0,85,0,2.21
365,Lalmohan,BD,2021-04-27 23:22:58,22.3384,90.7419,80.96,81,2,8.77
366,Lata,PT,2021-04-27 23:22:58,40.1629,-8.3327,60.01,85,66,1.01
367,Nome,US,2021-04-27 23:22:59,64.5011,-165.4064,41.0,56,1,4.61
368,Jyvaskyla,FI,2021-04-27 23:22:59,62.2415,25.7209,30.0,93,40,2.3
369,Mozarlandia,BR,2021-04-27 23:22:59,-14.7447,-50.5706,77.23,58,55,6.22
370,Narsaq,GL,2021-04-27 23:23:00,60.9167,-46.05,37.53,76,2,4.34
371,Alta Floresta,BR,2021-04-27 23:23:00,-9.8756,-56.0861,72.43,95,100,2.53
372,Fort Abbas,PK,2021-04-27 23:23:00,29.1925,72.8536,87.17,10,1,8.14
373,Khani,GE,2021-04-27 23:23:00,41.9563,42.9566,44.6,100,40,4.61
374,Bonthe,SL,2021-04-27 23:23:01,7.5264,-12.505,80.89,77,90,6.24
375,Half Moon Bay,US,2021-04-27 23:23:01,37.4636,-122.4286,69.8,76,1,14.97
376,Pyay,MM,2021-04-27 23:23:01,18.8167,95.2167,79.66,77,11,6.2
377,Mindelo,CV,2021-04-27 23:23:02,16.8901,-24.9804,71.6,73,20,16.11
378,Newport,GB,2021-04-27 23:22:44,51.5877,-2.9984,48.99,76,93,7.7
379,Leningradskiy,RU,2021-04-27 23:23:02,69.3833,178.4167,24.39,81,87,14.38
380,Alyangula,AU,2021-04-27 23:23:02,-13.8483,136.4192,78.8,100,40,6.91
381,Le Port,RE,2021-04-27 23:20:00,-20.9373,55.2919,77.0,73,90,8.05
382,Tonj,SS,2021-04-27 23:23:03,7.2737,28.6822,81.27,49,43,4.12
383,Bereda,ES,2021-04-27 23:23:03,43.2686,-7.5406,51.01,99,100,8.99
384,Sakakah,SA,2021-04-27 23:23:03,29.9697,40.2064,64.4,25,0,3.44
385,Partur,IN,2021-04-27 23:23:04,19.6,76.2167,86.25,26,90,6.49
386,Inhambane,MZ,2021-04-27 23:23:04,-23.865,35.3833,72.97,87,0,9.48
387,Aasiaat,GL,2021-04-27 23:23:04,68.7098,-52.8699,29.73,93,99,6.69
388,Sao Joao Da Barra,BR,2021-04-27 23:23:04,-21.6403,-41.0511,71.85,93,97,3.53
389,San Quintin,MX,2021-04-27 23:23:05,30.4833,-115.95,58.19,71,97,14.74
390,Leh,IN,2021-04-27 23:23:05,34.1667,77.5833,32.92,37,48,2.73
391,Sangar,RU,2021-04-27 23:18:22,63.9242,127.4739,13.8,87,50,7.65
392,Ixtapa,MX,2021-04-27 23:23:05,20.7,-105.2,81.0,74,75,14.97
393,Arlit,NE,2021-04-27 23:23:06,18.7369,7.3853,91.22,8,63,9.04
394,Saint-Joseph,RE,2021-04-27 23:23:06,-21.3667,55.6167,75.2,83,0,8.05
395,Dunedin,NZ,2021-04-27 23:18:13,-45.8742,170.5036,53.01,44,64,10.0
396,Uvalde,US,2021-04-27 23:23:06,29.3669,-99.767,82.4,65,1,16.11
397,Dubti,ET,2021-04-27 23:23:07,11.7361,41.0853,86.25,47,95,9.66
398,Hun,LY,2021-04-27 23:23:07,29.1268,15.9477,82.76,11,13,11.9
399,Madison,US,2021-04-27 23:21:46,34.7334,-86.5667,78.8,53,1,9.22
400,Buraydah,SA,2021-04-27 23:18:54,26.326,43.975,82.4,32,40,5.75
401,Majene,ID,2021-04-27 23:23:07,-3.5403,118.9707,78.71,86,92,6.11
402,Vestmanna,FO,2021-04-27 23:23:08,62.1564,-7.1664,39.2,87,75,8.05
403,Ahipara,NZ,2021-04-27 23:23:08,-35.1667,173.1667,62.22,61,47,10.8
404,Kambove,CD,2021-04-27 23:23:08,-10.8764,26.5969,61.86,92,94,2.77
405,Jalu,LY,2021-04-27 23:23:09,29.0331,21.5482,74.86,20,0,10.56
406,Xining,CN,2021-04-27 23:23:09,36.6167,101.7667,32.56,74,14,0.69
407,Vila Do Maio,CV,2021-04-27 23:23:09,15.1333,-23.2167,71.6,73,20,17.27
408,Irbeyskoye,RU,2021-04-27 23:23:10,55.6428,95.4522,37.18,86,92,3.11
409,Warangal,IN,2021-04-27 23:23:10,18.0,79.5833,81.68,52,26,8.16
410,Maumere,ID,2021-04-27 23:23:10,-8.6199,122.2111,77.79,68,94,5.28
411,Norsup,VU,2021-04-27 23:23:10,-16.0667,167.3833,80.47,67,68,10.98
412,Portland,US,2021-04-27 23:21:36,45.5234,-122.6762,66.99,42,75,4.61
413,Flinders,AU,2021-04-27 23:23:11,-34.5833,150.8552,64.0,88,99,1.01
414,Itarema,BR,2021-04-27 23:23:11,-2.9248,-39.9167,79.3,78,20,11.61
415,Rizhao,CN,2021-04-27 23:23:11,35.4275,119.4553,57.76,51,100,5.39
416,Nibbar,TN,2021-04-27 23:23:12,36.2941,8.7666,59.0,72,20,3.44
417,Kahului,US,2021-04-27 23:19:42,20.8947,-156.47,78.8,73,40,9.22
418,Bulungu,CD,2021-04-27 23:23:12,-4.55,18.6,71.73,90,75,0.92
419,Karpogory,RU,2021-04-27 23:23:02,64.0019,44.4451,28.85,92,100,6.06
420,Angoche,MZ,2021-04-27 23:23:13,-16.2325,39.9086,76.44,87,31,2.1
421,Chicama,PE,2021-04-27 23:23:13,-7.8447,-79.1469,64.4,88,20,9.22
422,Talnakh,RU,2021-04-27 23:23:13,69.4865,88.3972,27.7,81,98,11.05
423,Codrington,AU,2021-04-27 23:22:55,-38.2667,141.9667,52.92,78,53,4.05
424,Sorland,NO,2021-04-27 23:23:14,67.667,12.6934,36.48,65,99,13.8
425,Ucluelet,CA,2021-04-27 23:23:14,48.9329,-125.5528,53.01,93,90,5.75
426,Kristiinankaupunki,FI,2021-04-27 23:23:14,62.2743,21.376,29.84,84,19,4.81
427,Milkovo,RU,2021-04-27 23:23:15,54.7167,158.6167,33.66,93,100,10.71
428,Chifeng,CN,2021-04-27 23:23:15,42.2683,118.9636,47.97,27,0,17.05
429,Svetlyy,RU,2021-04-27 23:23:15,54.675,20.1347,33.8,93,40,2.24
430,Kijang,KR,2021-04-27 23:23:15,35.2442,129.2139,62.6,72,40,5.75
431,Hit,IQ,2021-04-27 23:23:16,33.6416,42.8251,73.72,29,0,4.34
432,Kasama,ZM,2021-04-27 23:23:16,-10.2129,31.1808,60.4,97,54,3.4
433,Nizhneangarsk,RU,2021-04-27 23:23:16,55.7833,109.55,17.08,70,7,8.97
434,Mayo,US,2021-04-27 23:20:44,38.8876,-76.5119,77.0,49,1,9.22
435,Thinadhoo,MV,2021-04-27 23:23:17,0.5333,72.9333,81.99,65,90,2.42
436,Sambava,MG,2021-04-27 23:23:17,-14.2667,50.1667,74.17,91,32,6.38
437,Mamlyutka,KZ,2021-04-27 23:23:17,54.9375,68.5394,46.8,93,100,5.73
438,Santa Ines,BR,2021-04-27 23:23:18,-3.6667,-45.38,76.15,90,100,2.3
439,Normandin,CA,2021-04-27 23:23:18,48.8333,-72.5321,59.0,35,7,9.22
440,Kourou,GF,2021-04-27 23:23:18,5.1552,-52.6478,75.99,94,0,4.18
441,Vila,PT,2021-04-27 23:23:19,42.0304,-8.1588,54.0,94,28,2.51
442,Kavaratti,IN,2021-04-27 23:19:15,10.5669,72.642,83.62,75,6,5.32
443,Urumqi,CN,2021-04-27 23:23:19,43.801,87.6005,55.4,33,0,8.95
444,Owando,CG,2021-04-27 23:23:19,-0.4819,15.8999,73.85,94,98,2.24
445,Damghan,IR,2021-04-27 23:23:19,36.1683,54.348,68.81,39,46,4.05
446,Guerrero Negro,MX,2021-04-27 23:23:20,27.9769,-114.0611,65.3,57,1,16.26
447,Safonovo,RU,2021-04-27 23:23:20,55.15,33.2167,33.37,97,49,5.44
448,Westport,US,2021-04-27 23:23:20,41.1415,-73.3579,60.01,44,1,8.05
449,Hervey Bay,AU,2021-04-27 23:23:21,-25.2986,152.8535,68.0,81,18,5.99
450,Deputatskiy,RU,2021-04-27 23:23:21,69.3,139.9,18.21,91,100,4.76
451,Kromberk,SI,2021-04-27 23:23:21,45.9608,13.6656,50.0,77,74,6.6
452,Port Hedland,AU,2021-04-27 23:23:21,-20.3167,118.5667,69.8,32,3,6.91
453,Tikapur,NP,2021-04-27 23:23:22,28.5,81.1333,79.0,65,0,1.01
454,Vao,NC,2021-04-27 23:23:22,-22.6667,167.4833,72.97,52,46,15.14
455,Madimba,TZ,2021-04-27 23:23:23,-10.4,40.3333,75.97,90,99,5.3
456,Mosetse,BW,2021-04-27 23:23:23,-20.75,26.65,65.53,29,2,8.59
457,Shahreza,IR,2021-04-27 23:23:23,32.0339,51.8794,65.64,33,91,5.1
458,Sena Madureira,BR,2021-04-27 23:23:23,-9.0656,-68.6569,74.46,84,85,3.02
459,Miranda,CO,2021-04-27 23:23:24,3.2499,-76.2281,69.8,94,75,9.22
460,Grosseto,IT,2021-04-27 23:23:24,42.8333,11.25,57.2,82,75,5.75
461,Villa Carlos Paz,AR,2021-04-27 23:23:24,-31.4241,-64.4978,63.0,77,0,6.91
462,Tessalit,ML,2021-04-27 23:23:25,20.1986,1.0114,91.11,11,38,8.03
463,Benghazi,LY,2021-04-27 23:23:25,32.1167,20.0667,75.6,30,23,17.74
464,Igarka,RU,2021-04-27 23:23:25,67.4667,86.5833,33.46,86,100,15.08
465,Mahates,CO,2021-04-27 23:23:25,10.2329,-75.1899,82.4,78,75,12.66
466,Oyama,JP,2021-04-27 23:23:26,36.3,139.8,66.99,72,75,1.14
467,Mondovi,IT,2021-04-27 23:19:06,44.396,7.8176,52.0,84,99,2.62
468,Progreso,MX,2021-04-27 23:21:37,21.2833,-89.6667,98.6,30,75,10.36
469,Dehloran,IR,2021-04-27 23:23:26,32.6941,47.2679,84.0,25,100,4.9
470,Aklavik,CA,2021-04-27 23:23:26,68.2191,-135.0107,28.4,31,0,6.91
471,Halayhay,PH,2021-04-27 23:23:27,14.3739,120.8133,82.4,69,40,2.3
472,Strezhevoy,RU,2021-04-27 23:23:27,60.7333,77.5889,32.0,100,34,4.47
473,Kholodnyy,RU,2021-04-27 23:23:27,62.7167,147.95,17.96,86,97,2.37
474,Mahibadhoo,MV,2021-04-27 23:21:14,3.7833,72.9667,83.05,73,77,6.02
475,Merke,KZ,2021-04-27 23:23:28,42.8728,73.1786,62.4,24,5,8.01
476,Kupang,ID,2021-04-27 23:23:28,-10.1667,123.5833,74.28,77,15,4.85
477,Vila Franca Do Campo,PT,2021-04-27 23:23:28,37.7167,-25.4333,59.0,82,75,11.5
478,Havre-Saint-Pierre,CA,2021-04-27 23:23:29,50.2334,-63.5986,41.0,93,90,3.44
479,Kirakira,SB,2021-04-27 23:21:21,-10.4544,161.9205,84.47,66,82,4.79
480,Yanam,IN,2021-04-27 23:23:29,16.7333,82.2167,78.39,85,26,3.15
481,Morondava,MG,2021-04-27 23:23:29,-20.2833,44.2833,74.86,85,0,6.6
482,Canico,PT,2021-04-27 23:23:30,32.6333,-16.85,62.6,63,40,3.44
483,Novo Horizonte,BR,2021-04-27 23:23:30,-21.4681,-49.2208,68.83,41,0,3.8
484,Coihaique,CL,2021-04-27 23:23:30,-45.5752,-72.0662,55.4,50,75,11.5
485,Hope,US,2021-04-27 23:23:30,33.6671,-93.5916,79.0,62,100,4.0
486,Sovetskiy,RU,2021-04-27 23:22:55,61.3614,63.5842,32.76,88,3,3.67
487,Emba,KZ,2021-04-27 23:23:31,48.8264,58.1442,47.46,78,82,8.28
488,Sarakhs,IR,2021-04-27 23:23:31,36.5449,61.1577,75.2,46,19,4.61
489,Petropavlovsk-Kamchatskiy,RU,2021-04-27 23:23:32,53.0452,158.6483,41.0,93,40,8.95
490,Wairoa,NZ,2021-04-27 23:23:32,-39.0333,177.3667,55.0,77,100,2.37
491,Coxim,BR,2021-04-27 23:23:32,-18.5067,-54.76,76.57,47,2,6.2
492,Aykhal,RU,2021-04-27 23:23:32,66.0,111.5,16.0,96,94,6.08
493,Pavilosta,LV,2021-04-27 23:23:33,56.8879,21.1859,33.8,100,8,3.74
494,Ketchikan,US,2021-04-27 23:23:33,55.3422,-131.6461,46.4,87,90,14.97
495,Bandarbeyla,SO,2021-04-27 23:23:33,9.4942,50.8122,82.94,74,100,4.97
496,Ryotsu,JP,2021-04-27 23:23:34,38.0833,138.4333,57.2,47,75,9.22
497,Vytegra,RU,2021-04-27 23:23:34,61.0064,36.4481,31.42,97,100,5.28
498,Necochea,AR,2021-04-27 23:23:34,-38.5473,-58.7368,59.0,81,2,5.99
499,Stalowa Wola,PL,2021-04-27 23:23:34,50.5829,22.0533,36.0,61,3,3.0
500,Launceston,AU,2021-04-27 23:23:35,-41.45,147.1667,50.0,100,90,8.05
501,Brokopondo,SR,2021-04-27 23:23:35,4.75,-55.1667,74.73,92,100,3.94
502,Upington,ZA,2021-04-27 23:23:35,-28.4478,21.2561,57.2,47,6,4.61
503,Havre,FR,2021-04-27 23:23:36,49.5833,0.3333,39.2,81,0,2.3
504,Sheltozero,RU,2021-04-27 23:23:36,61.3667,35.3667,27.3,91,93,5.23
505,Saint Anthony,US,2021-04-27 23:23:36,45.0205,-93.218,48.2,87,90,8.05
506,Abu Kamal,SY,2021-04-27 23:23:37,34.4506,40.9171,70.56,44,1,10.45
507,Surt,LY,2021-04-27 23:23:37,31.2089,16.5887,83.17,27,100,14.83
508,Pacific Grove,US,2021-04-27 23:23:37,36.6177,-121.9166,68.0,40,1,9.22
509,Berbera,SO,2021-04-27 23:23:37,10.4396,45.0143,84.15,74,35,2.04
510,Hurup,DK,2021-04-27 23:23:38,56.7494,8.4195,39.0,56,100,8.1
511,Lorengau,PG,2021-04-27 23:23:38,-2.0226,147.2712,84.29,68,84,3.4
512,Hirson,FR,2021-04-27 23:23:38,49.9226,4.0826,46.4,46,75,5.75
513,Nelson Bay,AU,2021-04-27 23:23:39,-32.7167,152.15,64.0,94,40,8.05
514,Tupik,RU,2021-04-27 23:23:39,54.4253,119.9327,21.42,91,100,15.1
515,Worland,US,2021-04-27 23:23:39,44.0169,-107.9554,57.99,41,1,3.44
516,Vila Velha,BR,2021-04-27 23:23:40,-20.3297,-40.2925,77.0,83,75,8.05
517,Nador,MA,2021-04-27 23:23:40,35.174,-2.9287,64.4,72,0,8.05
518,Loa Janan,ID,2021-04-27 23:23:40,-0.583,117.095,74.25,98,73,1.52
519,Kempele,FI,2021-04-27 23:23:40,64.9131,25.5034,30.2,74,0,6.91
520,Namatanai,PG,2021-04-27 23:23:41,-3.6667,152.4333,84.11,72,39,8.16
521,Sabang,ID,2021-04-27 23:23:41,5.8933,95.3214,82.83,70,94,4.14
522,Havelock,US,2021-04-27 23:23:41,34.8791,-76.9013,71.6,64,1,20.71
523,Balykshi,KZ,2021-04-27 23:23:42,47.0667,51.8667,41.0,87,50,6.71
524,Pasco,US,2021-04-27 23:23:42,28.292,-82.4165,82.99,60,5,1.01
525,Gravdal,NO,2021-04-27 23:23:42,68.1214,13.5031,35.04,67,95,8.66
526,Lugovoy,KZ,2021-04-27 23:23:43,42.9472,72.7644,61.05,26,6,7.56
527,Kyra,RU,2021-04-27 23:23:43,49.5776,111.9753,29.07,51,44,13.47
528,Bhadrachalam,IN,2021-04-27 23:23:43,17.6667,80.8833,82.35,72,8,6.44
529,Preili,LV,2021-04-27 23:23:43,56.2944,26.7246,34.12,94,90,5.61
530,Birzai,LT,2021-04-27 23:23:44,56.2,24.75,31.26,93,55,6.17
531,Tornio,FI,2021-04-27 23:23:44,65.8481,24.1466,24.8,80,0,2.3
532,Semnan,IR,2021-04-27 23:23:44,35.5729,53.3971,69.48,40,38,4.79
533,Vicosa Do Ceara,BR,2021-04-27 23:23:45,-3.5622,-41.0922,68.58,84,42,2.24
534,Kerur,IN,2021-04-27 23:23:45,16.0167,75.5667,81.25,52,32,8.5
535,Honningsvag,NO,2021-04-27 23:23:45,70.9821,25.9704,29.21,74,100,18.03
536,Bitam,GA,2021-04-27 23:23:45,2.076,11.5007,70.38,98,100,2.15
537,Patacamaya,BO,2021-04-27 23:23:46,-17.2333,-67.9167,48.43,45,53,6.82
538,Saint-Ambroise,CA,2021-04-27 23:23:46,48.5501,-71.3324,57.2,47,64,11.5
539,Acapulco,MX,2021-04-27 23:23:46,16.8634,-99.8901,84.2,74,1,10.36
540,Kasongo-Lunda,CD,2021-04-27 23:23:47,-6.4667,16.8167,70.92,95,100,0.45
541,Opuwo,NA,2021-04-27 23:21:18,-18.0607,13.84,64.09,55,12,4.03
542,Yumen,CN,2021-04-27 23:23:47,40.2833,97.2,46.44,24,74,10.67
543,Narsingdi,BD,2021-04-27 23:23:47,23.9208,90.7181,86.0,62,9,11.5
544,Turukhansk,RU,2021-04-27 23:23:48,65.8167,87.9833,34.52,82,100,15.7
545,Torquay,GB,2021-04-27 23:23:48,50.4638,-3.5143,50.0,1,96,4.07
546,Peniche,PT,2021-04-27 23:23:48,39.3558,-9.3811,59.0,86,26,5.99
547,Soc Trang,VN,2021-04-27 23:23:49,9.6033,105.98,77.0,100,20,2.3
548,Riyadh,SA,2021-04-27 23:22:28,24.6877,46.7219,84.2,18,40,11.5
549,Roald,NO,2021-04-27 23:23:49,62.5833,6.1333,37.4,81,20,8.05
550,Atambua,ID,2021-04-27 23:23:49,-9.1061,124.8925,71.62,67,6,2.44
551,Tual,ID,2021-04-27 23:23:50,-5.6667,132.75,83.16,64,64,4.68
552,Samarai,PG,2021-04-27 23:23:50,-10.6167,150.6667,76.96,87,100,9.08
553,Karratha,AU,2021-04-27 23:23:50,-20.7377,116.8463,74.7,26,0,12.03
554,Xingyi,CN,2021-04-27 23:23:50,24.1877,102.817,59.65,89,93,3.89
555,Huarmey,PE,2021-04-27 23:20:27,-10.0681,-78.1522,68.81,82,81,11.59
556,Wuan,CN,2021-04-27 23:23:51,31.6836,112.0044,61.72,67,99,6.58
557,Kutum,SD,2021-04-27 23:23:51,14.2,24.6667,74.01,14,12,6.51
558,Joshimath,IN,2021-04-27 23:23:51,30.5667,79.5667,53.6,47,69,8.95
559,Sao Filipe,CV,2021-04-27 23:23:52,14.8961,-24.4956,72.68,76,11,9.69
